score,title,url
8,[Offer] Let’s Improve Your Website &amp; eCommerce Store!,https://www.reddit.com/r/slavelabour/comments/1mzj5in/offer_lets_improve_your_website_ecommerce_store/
4,"Speechify Inc: Senior Software Engineer, AI Model serving",https://weworkremotely.com/remote-jobs/speechify-inc-senior-software-engineer-ai-model-serving
3,Uncap: Senior Full-Stack Engineer,https://weworkremotely.com/remote-jobs/uncap-senior-full-stack-engineer
3,Principal Data Engineer,https://remoteOK.com/remote-jobs/remote-principal-data-engineer-pexa-group-1094864
3,Senior Business Analyst,https://remoteOK.com/remote-jobs/remote-senior-business-analyst-3pillar-1094157
0,Zencastr: Senior Fullstack Developer,https://weworkremotely.com/remote-jobs/zencastr-senior-fullstack-developer
0,"Speechify Inc: Tech Lead, Web Core Product & Chrome Extension",https://weworkremotely.com/remote-jobs/speechify-inc-tech-lead-web-core-product-chrome-extension
0,Lumenalta: Javascript Fullstack Engineer - Senior,https://weworkremotely.com/remote-jobs/lumenalta-javascript-fullstack-engineer-senior
0,DeFi Analyst and Educator,https://remoteOK.com/remote-jobs/remote-defi-analyst-and-educator-decentralized-masters-1094014
0,Crypto Trader,https://remoteOK.com/remote-jobs/remote-crypto-trader-escorial-future-1093995
0,Sales Development Representative,https://remoteOK.com/remote-jobs/remote-sales-development-representative-colibri-group-1093987
-2,"Speechify Inc: Software Engineer, iOS Core Product",https://weworkremotely.com/remote-jobs/speechify-inc-software-engineer-ios-core-product
-3,Compliance Analyst Law Enforcement Requests Bulgaria,https://remoteOK.com/remote-jobs/remote-compliance-analyst-law-enforcement-requests-bulgaria-crypto-com-1094096
